{
    "$schema": "https://schema.management.azure.com/schemas/2015-01-01/deploymentParameters.json#",
    "contentVersion": "1.0.0.0",
    "parameters": {
        "workflows_Fitbit_Retriever_name": {
            "value": null
        },
        "connections_Fitbit_CS_externalid": {
            "value": null
        },
        "customApis_Fitbit_CS_externalid": {
            "value": null
        },
        "connections_Fitbit_HS_externalid": {
            "value": null
        },
        "customApis_Fitbit_HS_externalid": {
            "value": null
        },
        "connections_Fitbit_LS_externalid": {
            "value": null
        },
        "customApis_Fitbit_LS_externalid": {
            "value": null
        },
        "connections_Fitbit_MS_externalid": {
            "value": null
        },
        "customApis_Fitbit_MS_externalid": {
            "value": null
        }
    }
}