{
    "$schema": "https://schema.management.azure.com/schemas/2019-04-01/deploymentTemplate.json#",
    "contentVersion": "1.0.0.0",
    "parameters": {
        "workflows_Fitbit_Retriever_name": {
            "defaultValue": "Fitbit-Retriever",
            "type": "String"
        },
        "connections_Fitbit_CS_externalid": {
            "defaultValue": "/subscriptions/<YOUR AZURE SUBSCRIPTION ID>/resourceGroups/HomeAssistant/providers/Microsoft.Web/connections/Fitbit-CS",
            "type": "String"
        },
        "customApis_Fitbit_CS_externalid": {
            "defaultValue": "/subscriptions/<YOUR AZURE SUBSCRIPTION ID>/resourceGroups/HomeAssistant/providers/Microsoft.Web/customApis/Fitbit-CS",
            "type": "String"
        },
        "connections_Fitbit_HS_externalid": {
            "defaultValue": "/subscriptions/<YOUR AZURE SUBSCRIPTION ID>/resourceGroups/HomeAssistant/providers/Microsoft.Web/connections/Fitbit-HS",
            "type": "String"
        },
        "customApis_Fitbit_HS_externalid": {
            "defaultValue": "/subscriptions/<YOUR AZURE SUBSCRIPTION ID>/resourceGroups/HomeAssistant/providers/Microsoft.Web/customApis/Fitbit-HS",
            "type": "String"
        },
        "connections_Fitbit_LS_externalid": {
            "defaultValue": "/subscriptions/<YOUR AZURE SUBSCRIPTION ID>/resourceGroups/HomeAssistant/providers/Microsoft.Web/connections/Fitbit-LS",
            "type": "String"
        },
        "customApis_Fitbit_LS_externalid": {
            "defaultValue": "/subscriptions/<YOUR AZURE SUBSCRIPTION ID>/resourceGroups/HomeAssistant/providers/Microsoft.Web/customApis/Fitbit-LS",
            "type": "String"
        },
        "connections_Fitbit_MS_externalid": {
            "defaultValue": "/subscriptions/<YOUR AZURE SUBSCRIPTION ID>/resourceGroups/HomeAssistant/providers/Microsoft.Web/connections/Fitbit-MS",
            "type": "String"
        },
        "customApis_Fitbit_MS_externalid": {
            "defaultValue": "/subscriptions/<YOUR AZURE SUBSCRIPTION ID>/resourceGroups/HomeAssistant/providers/Microsoft.Web/customApis/Fitbit-MS",
            "type": "String"
        }
    },
    "variables": {},
    "resources": [
        {
            "type": "Microsoft.Logic/workflows",
            "apiVersion": "2017-07-01",
            "name": "[parameters('workflows_Fitbit_Retriever_name')]",
            "location": "australiaeast",
            "properties": {
                "state": "Enabled",
                "definition": {
                    "$schema": "https://schema.management.azure.com/providers/Microsoft.Logic/schemas/2016-06-01/workflowdefinition.json#",
                    "contentVersion": "1.0.0.0",
                    "parameters": {
                        "$connections": {
                            "defaultValue": {},
                            "type": "Object"
                        }
                    },
                    "triggers": {
                        "manual": {
                            "type": "Request",
                            "kind": "Http",
                            "inputs": {
                                "method": "GET"
                            }
                        }
                    },
                    "actions": {
                        "Compose_-_convert_UTC_to_AEST_yyyy-MM-dd": {
                            "runAfter": {},
                            "type": "Compose",
                            "inputs": "@convertFromUtc(utcNow(),'AUS Eastern Standard Time','yyy-MM-dd')"
                        },
                        "Compose_-_last_update_time": {
                            "runAfter": {
                                "Scope_-_Megan": [
                                    "Succeeded"
                                ]
                            },
                            "type": "Compose",
                            "inputs": "@formatDateTime(convertFromUtc(utcNow(),'AUS Eastern Standard Time'), 'g', 'en-AU')"
                        },
                        "Response": {
                            "runAfter": {
                                "Compose_-_last_update_time": [
                                    "Succeeded"
                                ]
                            },
                            "type": "Response",
                            "kind": "Http",
                            "inputs": {
                                "body": {
                                    "chloe": "@outputs('Compose_-_all_data_-_Chloe')",
                                    "holly": "@outputs('Compose_-_all_data_-_Holly')",
                                    "lastupdate": "@{outputs('Compose_-_last_update_time')}",
                                    "loryan": "@outputs('Compose_-_all_data_-_Loryan')",
                                    "megan": "@outputs('Compose_-_all_data_-_Megan')"
                                },
                                "schema": {
                                    "properties": {
                                        "chloe": {
                                            "properties": {
                                                "activeminutesactual": {
                                                    "type": "integer"
                                                },
                                                "activeminutesgoal": {
                                                    "type": "integer"
                                                },
                                                "stepsactual": {
                                                    "type": "integer"
                                                },
                                                "stepsgoal": {
                                                    "type": "integer"
                                                }
                                            },
                                            "type": "object"
                                        },
                                        "holly": {
                                            "properties": {
                                                "activeminutesactual": {
                                                    "type": "integer"
                                                },
                                                "activeminutesgoal": {
                                                    "type": "integer"
                                                },
                                                "stepsactual": {
                                                    "type": "integer"
                                                },
                                                "stepsgoal": {
                                                    "type": "integer"
                                                }
                                            },
                                            "type": "object"
                                        },
                                        "lastupdate": {
                                            "type": "string"
                                        },
                                        "loryan": {
                                            "properties": {
                                                "activeminutesactual": {
                                                    "type": "integer"
                                                },
                                                "activeminutesgoal": {
                                                    "type": "integer"
                                                },
                                                "stepsactual": {
                                                    "type": "integer"
                                                },
                                                "stepsgoal": {
                                                    "type": "integer"
                                                }
                                            },
                                            "type": "object"
                                        },
                                        "megan": {
                                            "properties": {
                                                "activeminutesactual": {
                                                    "type": "integer"
                                                },
                                                "activeminutesgoal": {
                                                    "type": "integer"
                                                },
                                                "stepsactual": {
                                                    "type": "integer"
                                                },
                                                "stepsgoal": {
                                                    "type": "integer"
                                                }
                                            },
                                            "type": "object"
                                        }
                                    },
                                    "type": "object"
                                },
                                "statusCode": 200
                            }
                        },
                        "Scope_-_Chloe": {
                            "actions": {
                                "Compose_-_all_data_-_Chloe": {
                                    "runAfter": {
                                        "Parse_JSON_-_Chloe": [
                                            "Succeeded"
                                        ]
                                    },
                                    "type": "Compose",
                                    "inputs": {
                                        "activeminutesactual": "@body('Parse_JSON_-_Chloe')?['summary']?['veryActiveMinutes']",
                                        "activeminutesgoal": "@body('Parse_JSON_-_Chloe')?['goals']?['activeMinutes']",
                                        "stepsactual": "@body('Parse_JSON_-_Chloe')?['summary']?['steps']",
                                        "stepsgoal": "@body('Parse_JSON_-_Chloe')?['goals']?['steps']"
                                    }
                                },
                                "Get_today_activity_-_Chloe": {
                                    "runAfter": {},
                                    "type": "ApiConnection",
                                    "inputs": {
                                        "host": {
                                            "connection": {
                                                "name": "@parameters('$connections')['Fitbit-CS']['connectionId']"
                                            }
                                        },
                                        "method": "get",
                                        "path": "/1/user/@{encodeURIComponent('<FITBIT ID>')}/activities/date/@{encodeURIComponent(outputs('Compose_-_convert_UTC_to_AEST_yyyy-MM-dd'))}.json"
                                    }
                                },
                                "Parse_JSON_-_Chloe": {
                                    "runAfter": {
                                        "Get_today_activity_-_Chloe": [
                                            "Succeeded"
                                        ]
                                    },
                                    "type": "ParseJson",
                                    "inputs": {
                                        "content": "@body('Get_today_activity_-_Chloe')",
                                        "schema": {
                                            "properties": {
                                                "activities": {
                                                    "type": "array"
                                                },
                                                "goals": {
                                                    "properties": {
                                                        "activeMinutes": {
                                                            "type": "integer"
                                                        },
                                                        "caloriesOut": {
                                                            "type": "integer"
                                                        },
                                                        "distance": {
                                                            "type": "number"
                                                        },
                                                        "steps": {
                                                            "type": "integer"
                                                        }
                                                    },
                                                    "type": "object"
                                                },
                                                "summary": {
                                                    "properties": {
                                                        "activeScore": {
                                                            "type": "integer"
                                                        },
                                                        "activityCalories": {
                                                            "type": "integer"
                                                        },
                                                        "caloriesBMR": {
                                                            "type": "integer"
                                                        },
                                                        "caloriesOut": {
                                                            "type": "integer"
                                                        },
                                                        "distances": {
                                                            "items": {
                                                                "properties": {
                                                                    "activity": {
                                                                        "type": "string"
                                                                    },
                                                                    "distance": {
                                                                        "type": "number"
                                                                    }
                                                                },
                                                                "required": [
                                                                    "activity",
                                                                    "distance"
                                                                ],
                                                                "type": "object"
                                                            },
                                                            "type": "array"
                                                        },
                                                        "fairlyActiveMinutes": {
                                                            "type": "integer"
                                                        },
                                                        "lightlyActiveMinutes": {
                                                            "type": "integer"
                                                        },
                                                        "marginalCalories": {
                                                            "type": "integer"
                                                        },
                                                        "sedentaryMinutes": {
                                                            "type": "integer"
                                                        },
                                                        "steps": {
                                                            "type": "integer"
                                                        },
                                                        "veryActiveMinutes": {
                                                            "type": "integer"
                                                        }
                                                    },
                                                    "type": "object"
                                                }
                                            },
                                            "type": "object"
                                        }
                                    }
                                }
                            },
                            "runAfter": {
                                "Scope_-_Loryan": [
                                    "Succeeded"
                                ]
                            },
                            "type": "Scope"
                        },
                        "Scope_-_Holly": {
                            "actions": {
                                "Compose_-_all_data_-_Holly": {
                                    "runAfter": {
                                        "Parse_JSON_-_Holly": [
                                            "Succeeded"
                                        ]
                                    },
                                    "type": "Compose",
                                    "inputs": {
                                        "activeminutesactual": "@body('Parse_JSON_-_Holly')?['summary']?['veryActiveMinutes']",
                                        "activeminutesgoal": "@body('Parse_JSON_-_Holly')?['goals']?['activeMinutes']",
                                        "stepsactual": "@body('Parse_JSON_-_Holly')?['summary']?['steps']",
                                        "stepsgoal": "@body('Parse_JSON_-_Holly')?['goals']?['steps']"
                                    }
                                },
                                "Get_today_activity_-_Holly": {
                                    "runAfter": {},
                                    "type": "ApiConnection",
                                    "inputs": {
                                        "host": {
                                            "connection": {
                                                "name": "@parameters('$connections')['Fitbit-HS']['connectionId']"
                                            }
                                        },
                                        "method": "get",
                                        "path": "/1/user/@{encodeURIComponent('<FITBIT ID>')}/activities/date/@{encodeURIComponent(outputs('Compose_-_convert_UTC_to_AEST_yyyy-MM-dd'))}.json"
                                    }
                                },
                                "Parse_JSON_-_Holly": {
                                    "runAfter": {
                                        "Get_today_activity_-_Holly": [
                                            "Succeeded"
                                        ]
                                    },
                                    "type": "ParseJson",
                                    "inputs": {
                                        "content": "@body('Get_today_activity_-_Holly')",
                                        "schema": {
                                            "properties": {
                                                "activities": {
                                                    "type": "array"
                                                },
                                                "goals": {
                                                    "properties": {
                                                        "activeMinutes": {
                                                            "type": "integer"
                                                        },
                                                        "caloriesOut": {
                                                            "type": "integer"
                                                        },
                                                        "distance": {
                                                            "type": "number"
                                                        },
                                                        "steps": {
                                                            "type": "integer"
                                                        }
                                                    },
                                                    "type": "object"
                                                },
                                                "summary": {
                                                    "properties": {
                                                        "activeScore": {
                                                            "type": "integer"
                                                        },
                                                        "activityCalories": {
                                                            "type": "integer"
                                                        },
                                                        "caloriesBMR": {
                                                            "type": "integer"
                                                        },
                                                        "caloriesOut": {
                                                            "type": "integer"
                                                        },
                                                        "distances": {
                                                            "items": {
                                                                "properties": {
                                                                    "activity": {
                                                                        "type": "string"
                                                                    },
                                                                    "distance": {
                                                                        "type": "number"
                                                                    }
                                                                },
                                                                "required": [
                                                                    "activity",
                                                                    "distance"
                                                                ],
                                                                "type": "object"
                                                            },
                                                            "type": "array"
                                                        },
                                                        "fairlyActiveMinutes": {
                                                            "type": "integer"
                                                        },
                                                        "lightlyActiveMinutes": {
                                                            "type": "integer"
                                                        },
                                                        "marginalCalories": {
                                                            "type": "integer"
                                                        },
                                                        "sedentaryMinutes": {
                                                            "type": "integer"
                                                        },
                                                        "steps": {
                                                            "type": "integer"
                                                        },
                                                        "veryActiveMinutes": {
                                                            "type": "integer"
                                                        }
                                                    },
                                                    "type": "object"
                                                }
                                            },
                                            "type": "object"
                                        }
                                    }
                                }
                            },
                            "runAfter": {
                                "Scope_-_Chloe": [
                                    "Succeeded"
                                ]
                            },
                            "type": "Scope"
                        },
                        "Scope_-_Loryan": {
                            "actions": {
                                "Compose_-_all_data_-_Loryan": {
                                    "runAfter": {
                                        "Parse_JSON": [
                                            "Succeeded"
                                        ]
                                    },
                                    "type": "Compose",
                                    "inputs": {
                                        "activeminutesactual": "@body('Parse_JSON')?['summary']?['veryActiveMinutes']",
                                        "activeminutesgoal": "@body('Parse_JSON')?['goals']?['activeMinutes']",
                                        "stepsactual": "@body('Parse_JSON')?['summary']?['steps']",
                                        "stepsgoal": "@body('Parse_JSON')?['goals']?['steps']"
                                    }
                                },
                                "Get_today_activity": {
                                    "runAfter": {},
                                    "type": "ApiConnection",
                                    "inputs": {
                                        "host": {
                                            "connection": {
                                                "name": "@parameters('$connections')['Fitbit-LS']['connectionId']"
                                            }
                                        },
                                        "method": "get",
                                        "path": "/1/user/@{encodeURIComponent('<FITBIT ID>')}/activities/date/@{encodeURIComponent(outputs('Compose_-_convert_UTC_to_AEST_yyyy-MM-dd'))}.json"
                                    }
                                },
                                "Parse_JSON": {
                                    "runAfter": {
                                        "Get_today_activity": [
                                            "Succeeded"
                                        ]
                                    },
                                    "type": "ParseJson",
                                    "inputs": {
                                        "content": "@body('Get_today_activity')",
                                        "schema": {
                                            "properties": {
                                                "activities": {
                                                    "type": "array"
                                                },
                                                "goals": {
                                                    "properties": {
                                                        "activeMinutes": {
                                                            "type": "integer"
                                                        },
                                                        "caloriesOut": {
                                                            "type": "integer"
                                                        },
                                                        "distance": {
                                                            "type": "number"
                                                        },
                                                        "steps": {
                                                            "type": "integer"
                                                        }
                                                    },
                                                    "type": "object"
                                                },
                                                "summary": {
                                                    "properties": {
                                                        "activeScore": {
                                                            "type": "integer"
                                                        },
                                                        "activityCalories": {
                                                            "type": "integer"
                                                        },
                                                        "caloriesBMR": {
                                                            "type": "integer"
                                                        },
                                                        "caloriesOut": {
                                                            "type": "integer"
                                                        },
                                                        "distances": {
                                                            "items": {
                                                                "properties": {
                                                                    "activity": {
                                                                        "type": "string"
                                                                    },
                                                                    "distance": {
                                                                        "type": "number"
                                                                    }
                                                                },
                                                                "required": [
                                                                    "activity",
                                                                    "distance"
                                                                ],
                                                                "type": "object"
                                                            },
                                                            "type": "array"
                                                        },
                                                        "fairlyActiveMinutes": {
                                                            "type": "integer"
                                                        },
                                                        "lightlyActiveMinutes": {
                                                            "type": "integer"
                                                        },
                                                        "marginalCalories": {
                                                            "type": "integer"
                                                        },
                                                        "sedentaryMinutes": {
                                                            "type": "integer"
                                                        },
                                                        "steps": {
                                                            "type": "integer"
                                                        },
                                                        "veryActiveMinutes": {
                                                            "type": "integer"
                                                        }
                                                    },
                                                    "type": "object"
                                                }
                                            },
                                            "type": "object"
                                        }
                                    }
                                }
                            },
                            "runAfter": {
                                "Compose_-_convert_UTC_to_AEST_yyyy-MM-dd": [
                                    "Succeeded"
                                ]
                            },
                            "type": "Scope"
                        },
                        "Scope_-_Megan": {
                            "actions": {
                                "Compose_-_all_data_-_Megan": {
                                    "runAfter": {
                                        "Parse_JSON_-_Megan": [
                                            "Succeeded"
                                        ]
                                    },
                                    "type": "Compose",
                                    "inputs": {
                                        "activeminutesactual": "@body('Parse_JSON_-_Megan')?['summary']?['veryActiveMinutes']",
                                        "activeminutesgoal": "@body('Parse_JSON_-_Megan')?['goals']?['activeMinutes']",
                                        "stepsactual": "@body('Parse_JSON_-_Megan')?['summary']?['steps']",
                                        "stepsgoal": "@body('Parse_JSON_-_Megan')?['goals']?['steps']"
                                    }
                                },
                                "Get_today_activity_-_Megan": {
                                    "runAfter": {},
                                    "type": "ApiConnection",
                                    "inputs": {
                                        "host": {
                                            "connection": {
                                                "name": "@parameters('$connections')['Fitbit-MS']['connectionId']"
                                            }
                                        },
                                        "method": "get",
                                        "path": "/1/user/@{encodeURIComponent('<FITBIT ID>')}/activities/date/@{encodeURIComponent(outputs('Compose_-_convert_UTC_to_AEST_yyyy-MM-dd'))}.json"
                                    }
                                },
                                "Parse_JSON_-_Megan": {
                                    "runAfter": {
                                        "Get_today_activity_-_Megan": [
                                            "Succeeded"
                                        ]
                                    },
                                    "type": "ParseJson",
                                    "inputs": {
                                        "content": "@body('Get_today_activity_-_Megan')",
                                        "schema": {
                                            "properties": {
                                                "activities": {
                                                    "type": "array"
                                                },
                                                "goals": {
                                                    "properties": {
                                                        "activeMinutes": {
                                                            "type": "integer"
                                                        },
                                                        "caloriesOut": {
                                                            "type": "integer"
                                                        },
                                                        "distance": {
                                                            "type": "number"
                                                        },
                                                        "steps": {
                                                            "type": "integer"
                                                        }
                                                    },
                                                    "type": "object"
                                                },
                                                "summary": {
                                                    "properties": {
                                                        "activeScore": {
                                                            "type": "integer"
                                                        },
                                                        "activityCalories": {
                                                            "type": "integer"
                                                        },
                                                        "caloriesBMR": {
                                                            "type": "integer"
                                                        },
                                                        "caloriesOut": {
                                                            "type": "integer"
                                                        },
                                                        "distances": {
                                                            "items": {
                                                                "properties": {
                                                                    "activity": {
                                                                        "type": "string"
                                                                    },
                                                                    "distance": {
                                                                        "type": "number"
                                                                    }
                                                                },
                                                                "required": [
                                                                    "activity",
                                                                    "distance"
                                                                ],
                                                                "type": "object"
                                                            },
                                                            "type": "array"
                                                        },
                                                        "fairlyActiveMinutes": {
                                                            "type": "integer"
                                                        },
                                                        "lightlyActiveMinutes": {
                                                            "type": "integer"
                                                        },
                                                        "marginalCalories": {
                                                            "type": "integer"
                                                        },
                                                        "sedentaryMinutes": {
                                                            "type": "integer"
                                                        },
                                                        "steps": {
                                                            "type": "integer"
                                                        },
                                                        "veryActiveMinutes": {
                                                            "type": "integer"
                                                        }
                                                    },
                                                    "type": "object"
                                                }
                                            },
                                            "type": "object"
                                        }
                                    }
                                }
                            },
                            "runAfter": {
                                "Scope_-_Holly": [
                                    "Succeeded"
                                ]
                            },
                            "type": "Scope"
                        }
                    },
                    "outputs": {}
                },
                "parameters": {
                    "$connections": {
                        "value": {
                            "Fitbit-CS": {
                                "connectionId": "[parameters('connections_Fitbit_CS_externalid')]",
                                "connectionName": "Fitbit-CS",
                                "id": "[parameters('customApis_Fitbit_CS_externalid')]"
                            },
                            "Fitbit-HS": {
                                "connectionId": "[parameters('connections_Fitbit_HS_externalid')]",
                                "connectionName": "Fitbit-HS",
                                "id": "[parameters('customApis_Fitbit_HS_externalid')]"
                            },
                            "Fitbit-LS": {
                                "connectionId": "[parameters('connections_Fitbit_LS_externalid')]",
                                "connectionName": "Fitbit-LS",
                                "id": "[parameters('customApis_Fitbit_LS_externalid')]"
                            },
                            "Fitbit-MS": {
                                "connectionId": "[parameters('connections_Fitbit_MS_externalid')]",
                                "connectionName": "Fitbit-MS",
                                "id": "[parameters('customApis_Fitbit_MS_externalid')]"
                            }
                        }
                    }
                }
            }
        }
    ]
}